,nof_selected_features,nof_samples,min_test_error_0,min_test_error_1,min_test_error_2,min_test_error_3,min_test_error_4,min_test_error_5,min_test_error_6,min_test_error_7,min_test_error_8,min_test_error_9
0,10,100,0.36,0.2,0.28,0.36,0.36,0.28,0.12,0.28,0.36,0.24
1,20,100,0.72,0.4,0.12,0.4,0.24,0.08,0.44,0.36,0.28,0.44
2,30,100,0.24,0.36,0.24,0.24,0.2,0.24,0.32,0.2,0.28,0.2
3,40,100,0.28,0.44,0.32,0.12,0.44,0.12,0.16,0.2,0.4,0.44
4,50,100,0.08,0.2,0.24,0.12,0.36,0.16,0.28,0.2,0.32,0.08
5,60,100,0.24,0.16,0.2,0.16,0.08,0.16,0.2,0.12,0.12,0.24
6,70,100,0.12,0.16,0.32,0.2,0.2,0.28,0.04,0.12,0.16,0.12
7,80,100,0.16,0.28,0.4,0.16,0.24,0.2,0.28,0.2,0.12,0.12
8,90,100,0.16,0.24,0.08,0.32,0.16,0.12,0.08,0.12,0.08,0.12
9,100,100,0.24,0.08,0.0,0.4,0.04,0.12,0.24,0.12,0.28,0.16
10,110,100,0.12,0.12,0.2,0.12,0.2,0.2,0.0,0.16,0.04,0.16
11,120,100,0.08,0.16,0.12,0.24,0.04,0.2,0.28,0.0,0.12,0.2
12,130,100,0.04,0.12,0.12,0.0,0.24,0.16,0.04,0.12,0.12,0.04
13,140,100,0.12,0.2,0.04,0.04,0.2,0.08,0.2,0.04,0.12,0.16
14,150,100,0.12,0.08,0.28,0.12,0.12,0.2,0.08,0.12,0.16,0.08
15,160,100,0.12,0.04,0.04,0.16,0.16,0.2,0.2,0.24,0.08,0.12
16,170,100,0.24,0.2,0.12,0.2,0.24,0.28,0.2,0.16,0.08,0.08
17,180,100,0.08,0.08,0.08,0.12,0.16,0.2,0.04,0.2,0.12,0.08
18,190,100,0.24,0.04,0.16,0.12,0.0,0.0,0.2,0.28,0.2,0.16
19,200,100,0.12,0.28,0.08,0.2,0.16,0.12,0.16,0.0,0.16,0.2
20,10,200,0.42,0.42,0.36,0.38,0.26,0.36,0.28,0.46,0.22,0.46
21,20,200,0.34,0.32,0.28,0.3,0.24,0.38,0.32,0.24,0.24,0.44
22,30,200,0.32,0.34,0.18,0.28,0.2,0.34,0.12,0.26,0.06,0.22
23,40,200,0.26,0.26,0.26,0.26,0.16,0.36,0.14,0.2,0.12,0.3
24,50,200,0.28,0.32,0.28,0.24,0.38,0.08,0.2,0.16,0.18,0.12
25,60,200,0.24,0.24,0.32,0.24,0.18,0.22,0.22,0.14,0.34,0.1
26,70,200,0.36,0.2,0.3,0.2,0.14,0.14,0.22,0.08,0.08,0.14
27,80,200,0.26,0.24,0.24,0.1,0.36,0.14,0.18,0.24,0.14,0.26
28,90,200,0.08,0.32,0.08,0.24,0.24,0.3,0.14,0.12,0.1,0.16
29,100,200,0.2,0.22,0.06,0.22,0.22,0.16,0.22,0.08,0.12,0.26
30,110,200,0.2,0.34,0.3,0.14,0.2,0.22,0.08,0.14,0.14,0.12
31,120,200,0.3,0.18,0.2,0.22,0.36,0.18,0.12,0.06,0.12,0.14
32,130,200,0.04,0.2,0.1,0.2,0.26,0.18,0.16,0.06,0.14,0.12
33,140,200,0.04,0.18,0.18,0.18,0.14,0.16,0.24,0.14,0.16,0.16
34,150,200,0.16,0.18,0.2,0.16,0.12,0.18,0.18,0.18,0.08,0.16
35,160,200,0.1,0.14,0.16,0.08,0.16,0.14,0.04,0.2,0.18,0.14
36,170,200,0.12,0.14,0.1,0.16,0.22,0.02,0.18,0.12,0.14,0.12
37,180,200,0.12,0.12,0.1,0.1,0.2,0.2,0.08,0.16,0.06,0.2
38,190,200,0.12,0.1,0.14,0.2,0.14,0.04,0.1,0.14,0.12,0.28
39,200,200,0.16,0.08,0.12,0.1,0.12,0.14,0.16,0.1,0.08,0.1
40,10,300,0.36,0.3466666666666667,0.38666666666666666,0.26666666666666666,0.37333333333333335,0.29333333333333333,0.29333333333333333,0.48,0.37333333333333335,0.4266666666666667
41,20,300,0.37333333333333335,0.36,0.21333333333333335,0.28,0.12,0.36,0.3466666666666667,0.37333333333333335,0.3333333333333333,0.17333333333333334
42,30,300,0.30666666666666664,0.30666666666666664,0.22666666666666666,0.24,0.21333333333333335,0.28,0.37333333333333335,0.36,0.30666666666666664,0.24
43,40,300,0.4266666666666667,0.21333333333333335,0.29333333333333333,0.18666666666666668,0.13333333333333333,0.29333333333333333,0.38666666666666666,0.17333333333333334,0.17333333333333334,0.18666666666666668
44,50,300,0.22666666666666666,0.09333333333333334,0.24,0.36,0.32,0.22666666666666666,0.28,0.25333333333333335,0.38666666666666666,0.30666666666666664
45,60,300,0.26666666666666666,0.14666666666666667,0.28,0.21333333333333335,0.14666666666666667,0.17333333333333334,0.14666666666666667,0.25333333333333335,0.2,0.22666666666666666
46,70,300,0.29333333333333333,0.22666666666666666,0.13333333333333333,0.18666666666666668,0.25333333333333335,0.17333333333333334,0.22666666666666666,0.13333333333333333,0.30666666666666664,0.21333333333333335
47,80,300,0.17333333333333334,0.14666666666666667,0.24,0.08,0.10666666666666667,0.14666666666666667,0.14666666666666667,0.24,0.16,0.16
48,90,300,0.18666666666666668,0.17333333333333334,0.06666666666666667,0.16,0.05333333333333334,0.14666666666666667,0.13333333333333333,0.18666666666666668,0.25333333333333335,0.17333333333333334
49,100,300,0.12,0.13333333333333333,0.28,0.16,0.14666666666666667,0.13333333333333333,0.12,0.14666666666666667,0.14666666666666667,0.16
50,110,300,0.17333333333333334,0.21333333333333335,0.08,0.26666666666666666,0.21333333333333335,0.13333333333333333,0.17333333333333334,0.17333333333333334,0.21333333333333335,0.22666666666666666
51,120,300,0.14666666666666667,0.12,0.18666666666666668,0.2,0.18666666666666668,0.18666666666666668,0.10666666666666667,0.14666666666666667,0.17333333333333334,0.21333333333333335
52,130,300,0.17333333333333334,0.13333333333333333,0.21333333333333335,0.16,0.08,0.22666666666666666,0.10666666666666667,0.12,0.09333333333333334,0.14666666666666667
53,140,300,0.25333333333333335,0.06666666666666667,0.09333333333333334,0.08,0.13333333333333333,0.26666666666666666,0.06666666666666667,0.09333333333333334,0.14666666666666667,0.16
54,150,300,0.10666666666666667,0.18666666666666668,0.16,0.25333333333333335,0.17333333333333334,0.21333333333333335,0.08,0.14666666666666667,0.12,0.18666666666666668
55,160,300,0.08,0.12,0.17333333333333334,0.17333333333333334,0.14666666666666667,0.14666666666666667,0.14666666666666667,0.05333333333333334,0.10666666666666667,0.10666666666666667
56,170,300,0.16,0.29333333333333333,0.17333333333333334,0.08,0.12,0.05333333333333334,0.06666666666666667,0.06666666666666667,0.17333333333333334,0.16
57,180,300,0.12,0.2,0.12,0.09333333333333334,0.08,0.12,0.10666666666666667,0.04,0.10666666666666667,0.14666666666666667
58,190,300,0.14666666666666667,0.16,0.05333333333333334,0.16,0.12,0.13333333333333333,0.08,0.18666666666666668,0.10666666666666667,0.14666666666666667
59,200,300,0.14666666666666667,0.09333333333333334,0.08,0.17333333333333334,0.10666666666666667,0.14666666666666667,0.18666666666666668,0.18666666666666668,0.17333333333333334,0.12
60,10,400,0.49,0.39,0.44,0.46,0.47,0.46,0.35,0.42,0.37,0.46
61,20,400,0.39,0.17,0.38,0.21,0.36,0.37,0.33,0.18,0.34,0.28
62,30,400,0.32,0.33,0.24,0.15,0.2,0.23,0.38,0.28,0.29,0.23
63,40,400,0.29,0.22,0.23,0.38,0.3,0.15,0.28,0.3,0.29,0.17
64,50,400,0.17,0.18,0.27,0.22,0.17,0.29,0.21,0.14,0.16,0.18
65,60,400,0.29,0.35,0.13,0.17,0.35,0.31,0.39,0.2,0.17,0.26
66,70,400,0.19,0.16,0.22,0.23,0.29,0.32,0.23,0.2,0.14,0.12
67,80,400,0.29,0.16,0.22,0.13,0.28,0.16,0.27,0.25,0.14,0.22
68,90,400,0.12,0.1,0.1,0.24,0.25,0.09,0.13,0.05,0.13,0.11
69,100,400,0.24,0.17,0.21,0.14,0.24,0.24,0.15,0.23,0.14,0.09
70,110,400,0.16,0.12,0.13,0.12,0.1,0.23,0.16,0.11,0.07,0.16
71,120,400,0.22,0.16,0.14,0.06,0.16,0.19,0.17,0.15,0.17,0.27
72,130,400,0.27,0.12,0.13,0.15,0.08,0.13,0.15,0.1,0.18,0.11
73,140,400,0.11,0.1,0.18,0.12,0.18,0.19,0.2,0.11,0.09,0.16
74,150,400,0.07,0.15,0.13,0.15,0.17,0.09,0.11,0.26,0.18,0.18
75,160,400,0.07,0.19,0.15,0.17,0.09,0.11,0.13,0.11,0.15,0.09
76,170,400,0.17,0.16,0.21,0.12,0.11,0.13,0.13,0.15,0.15,0.15
77,180,400,0.14,0.17,0.06,0.13,0.13,0.14,0.14,0.14,0.14,0.17
78,190,400,0.13,0.12,0.12,0.15,0.06,0.15,0.1,0.1,0.1,0.12
79,200,400,0.06,0.1,0.19,0.16,0.11,0.17,0.15,0.11,0.06,0.12
80,10,500,0.152,0.296,0.376,0.384,0.36,0.512,0.448,0.52,0.408,0.32
81,20,500,0.264,0.288,0.368,0.392,0.288,0.36,0.44,0.24,0.456,0.256
82,30,500,0.384,0.36,0.136,0.168,0.208,0.328,0.192,0.216,0.304,0.248
83,40,500,0.208,0.112,0.24,0.392,0.28,0.264,0.208,0.128,0.336,0.304
84,50,500,0.216,0.272,0.208,0.208,0.296,0.408,0.272,0.208,0.208,0.264
85,60,500,0.296,0.184,0.104,0.256,0.264,0.168,0.352,0.168,0.2,0.144
86,70,500,0.216,0.192,0.192,0.312,0.392,0.088,0.136,0.064,0.216,0.088
87,80,500,0.184,0.304,0.16,0.248,0.248,0.288,0.12,0.096,0.096,0.152
88,90,500,0.176,0.064,0.176,0.24,0.128,0.288,0.248,0.104,0.232,0.144
89,100,500,0.112,0.16,0.112,0.24,0.096,0.152,0.12,0.16,0.168,0.168
90,110,500,0.136,0.224,0.152,0.152,0.136,0.232,0.152,0.232,0.2,0.128
91,120,500,0.128,0.24,0.048,0.136,0.256,0.224,0.104,0.096,0.208,0.144
92,130,500,0.16,0.104,0.104,0.168,0.152,0.136,0.096,0.096,0.072,0.184
93,140,500,0.064,0.112,0.16,0.104,0.208,0.176,0.152,0.16,0.136,0.176
94,150,500,0.208,0.104,0.136,0.16,0.144,0.152,0.184,0.104,0.152,0.232
95,160,500,0.104,0.104,0.184,0.096,0.088,0.088,0.104,0.112,0.112,0.136
96,170,500,0.128,0.144,0.176,0.136,0.12,0.128,0.136,0.136,0.152,0.088
97,180,500,0.088,0.072,0.136,0.176,0.096,0.12,0.096,0.168,0.168,0.152
98,190,500,0.08,0.128,0.136,0.12,0.128,0.192,0.096,0.128,0.128,0.12
99,200,500,0.12,0.104,0.128,0.144,0.128,0.112,0.08,0.112,0.072,0.096
100,10,600,0.4666666666666667,0.4866666666666667,0.34,0.31333333333333335,0.36,0.30666666666666664,0.4266666666666667,0.3466666666666667,0.41333333333333333,0.36666666666666664
101,20,600,0.38666666666666666,0.28,0.21333333333333335,0.19333333333333333,0.23333333333333334,0.2,0.30666666666666664,0.30666666666666664,0.19333333333333333,0.4
102,30,600,0.26,0.15333333333333332,0.41333333333333333,0.23333333333333334,0.30666666666666664,0.4,0.37333333333333335,0.2866666666666667,0.32,0.31333333333333335
103,40,600,0.32,0.3933333333333333,0.26,0.2733333333333333,0.18,0.22666666666666666,0.25333333333333335,0.14666666666666667,0.24,0.18666666666666668
104,50,600,0.26,0.12,0.12,0.20666666666666667,0.3,0.22666666666666666,0.23333333333333334,0.24,0.32666666666666666,0.20666666666666667
105,60,600,0.2,0.34,0.22,0.13333333333333333,0.2,0.21333333333333335,0.24666666666666667,0.24,0.4266666666666667,0.2866666666666667
106,70,600,0.18666666666666668,0.26666666666666666,0.14,0.15333333333333332,0.1,0.3333333333333333,0.22666666666666666,0.16666666666666666,0.19333333333333333,0.2866666666666667
107,80,600,0.13333333333333333,0.26666666666666666,0.19333333333333333,0.14,0.12,0.11333333333333333,0.32,0.2,0.12,0.24
108,90,600,0.29333333333333333,0.14,0.14,0.12666666666666668,0.22,0.14666666666666667,0.14,0.15333333333333332,0.2733333333333333,0.29333333333333333
109,100,600,0.16666666666666666,0.20666666666666667,0.16666666666666666,0.20666666666666667,0.18,0.13333333333333333,0.24,0.24,0.24,0.14666666666666667
110,110,600,0.09333333333333334,0.20666666666666667,0.16,0.12,0.13333333333333333,0.22666666666666666,0.18,0.08,0.18666666666666668,0.18
111,120,600,0.14666666666666667,0.06666666666666667,0.13333333333333333,0.12666666666666668,0.30666666666666664,0.20666666666666667,0.18666666666666668,0.18666666666666668,0.09333333333333334,0.22
112,130,600,0.12666666666666668,0.2,0.10666666666666667,0.17333333333333334,0.16,0.12666666666666668,0.18,0.11333333333333333,0.23333333333333334,0.16
113,140,600,0.11333333333333333,0.1,0.08,0.12,0.12666666666666668,0.24,0.1,0.19333333333333333,0.12,0.11333333333333333
114,150,600,0.09333333333333334,0.09333333333333334,0.11333333333333333,0.12,0.19333333333333333,0.16,0.12666666666666668,0.16666666666666666,0.18666666666666668,0.18
115,160,600,0.14,0.06,0.2,0.14,0.12,0.18666666666666668,0.18666666666666668,0.18666666666666668,0.23333333333333334,0.12
116,170,600,0.08666666666666667,0.12666666666666668,0.17333333333333334,0.16,0.2,0.07333333333333333,0.14,0.1,0.14,0.19333333333333333
117,180,600,0.17333333333333334,0.16666666666666666,0.22666666666666666,0.17333333333333334,0.08,0.09333333333333334,0.17333333333333334,0.12,0.12,0.12666666666666668
118,190,600,0.12,0.13333333333333333,0.06666666666666667,0.16,0.14,0.16,0.18,0.10666666666666667,0.11333333333333333,0.1
119,200,600,0.13333333333333333,0.07333333333333333,0.12,0.13333333333333333,0.08666666666666667,0.15333333333333332,0.1,0.13333333333333333,0.15333333333333332,0.12666666666666668
120,10,700,0.44571428571428573,0.4228571428571429,0.48,0.4057142857142857,0.37142857142857144,0.38285714285714284,0.28,0.25142857142857145,0.4,0.48
121,20,700,0.3657142857142857,0.36,0.2,0.2914285714285714,0.28,0.4,0.24,0.38857142857142857,0.3657142857142857,0.14857142857142858
122,30,700,0.2342857142857143,0.32571428571428573,0.32571428571428573,0.3314285714285714,0.2857142857142857,0.13714285714285715,0.10285714285714286,0.3485714285714286,0.2057142857142857,0.3028571428571429
123,40,700,0.14857142857142858,0.18285714285714286,0.12571428571428572,0.24,0.32571428571428573,0.3485714285714286,0.3314285714285714,0.32,0.18285714285714286,0.17714285714285713
124,50,700,0.34285714285714286,0.49142857142857144,0.33714285714285713,0.33714285714285713,0.3142857142857143,0.2914285714285714,0.28,0.2857142857142857,0.26857142857142857,0.2
125,60,700,0.15428571428571428,0.32,0.12,0.17142857142857143,0.2,0.2,0.2914285714285714,0.1657142857142857,0.2914285714285714,0.3314285714285714
126,70,700,0.17714285714285713,0.12571428571428572,0.24,0.26857142857142857,0.32571428571428573,0.13714285714285715,0.19428571428571428,0.1657142857142857,0.11428571428571428,0.21142857142857144
127,80,700,0.19428571428571428,0.2742857142857143,0.12571428571428572,0.11428571428571428,0.13142857142857142,0.13714285714285715,0.2857142857142857,0.16,0.11428571428571428,0.21714285714285714
128,90,700,0.18857142857142858,0.21142857142857144,0.18857142857142858,0.18285714285714286,0.2342857142857143,0.22285714285714286,0.13142857142857142,0.24,0.17714285714285713,0.13142857142857142
129,100,700,0.24,0.08,0.25142857142857145,0.24,0.14285714285714285,0.16,0.19428571428571428,0.13714285714285715,0.09142857142857143,0.12
130,110,700,0.19428571428571428,0.2057142857142857,0.1657142857142857,0.22285714285714286,0.2057142857142857,0.2742857142857143,0.2057142857142857,0.17714285714285713,0.12571428571428572,0.18285714285714286
131,120,700,0.08,0.14857142857142858,0.18285714285714286,0.1657142857142857,0.22857142857142856,0.24571428571428572,0.17714285714285713,0.12571428571428572,0.10285714285714286,0.22857142857142856
132,130,700,0.13714285714285715,0.14857142857142858,0.12571428571428572,0.12,0.12,0.18857142857142858,0.07428571428571429,0.12571428571428572,0.18285714285714286,0.14857142857142858
133,140,700,0.10857142857142857,0.09714285714285714,0.16,0.2342857142857143,0.21142857142857144,0.24571428571428572,0.15428571428571428,0.19428571428571428,0.14285714285714285,0.09714285714285714
134,150,700,0.21142857142857144,0.09142857142857143,0.21714285714285714,0.10285714285714286,0.09714285714285714,0.12,0.17714285714285713,0.12,0.12571428571428572,0.12571428571428572
135,160,700,0.14285714285714285,0.13714285714285715,0.15428571428571428,0.16,0.10857142857142857,0.15428571428571428,0.08571428571428572,0.11428571428571428,0.18285714285714286,0.19428571428571428
136,170,700,0.08,0.10285714285714286,0.18285714285714286,0.12,0.14857142857142858,0.10857142857142857,0.2342857142857143,0.10285714285714286,0.09142857142857143,0.24
137,180,700,0.13142857142857142,0.09714285714285714,0.18285714285714286,0.10285714285714286,0.13142857142857142,0.12571428571428572,0.1657142857142857,0.13714285714285715,0.12,0.18285714285714286
138,190,700,0.15428571428571428,0.15428571428571428,0.18285714285714286,0.07428571428571429,0.13142857142857142,0.12571428571428572,0.13142857142857142,0.17714285714285713,0.12571428571428572,0.14285714285714285
139,200,700,0.09714285714285714,0.12571428571428572,0.09142857142857143,0.21142857142857144,0.08571428571428572,0.06285714285714286,0.06857142857142857,0.12,0.13714285714285715,0.11428571428571428
140,10,800,0.42,0.34,0.36,0.37,0.35,0.435,0.4,0.455,0.455,0.255
141,20,800,0.405,0.445,0.17,0.265,0.26,0.285,0.415,0.415,0.295,0.37
142,30,800,0.335,0.195,0.33,0.245,0.305,0.335,0.265,0.255,0.34,0.335
143,40,800,0.195,0.265,0.39,0.185,0.265,0.285,0.315,0.205,0.26,0.25
144,50,800,0.18,0.27,0.245,0.325,0.225,0.32,0.365,0.305,0.285,0.24
145,60,800,0.335,0.165,0.285,0.285,0.235,0.235,0.33,0.115,0.225,0.16
146,70,800,0.23,0.335,0.08,0.335,0.27,0.275,0.135,0.13,0.125,0.235
147,80,800,0.33,0.21,0.155,0.265,0.18,0.135,0.11,0.13,0.245,0.185
148,90,800,0.155,0.125,0.26,0.135,0.21,0.1,0.265,0.145,0.185,0.21
149,100,800,0.125,0.235,0.24,0.18,0.185,0.185,0.18,0.125,0.235,0.13
150,110,800,0.225,0.165,0.165,0.145,0.11,0.175,0.16,0.115,0.145,0.085
151,120,800,0.205,0.125,0.285,0.185,0.19,0.24,0.245,0.15,0.25,0.14
152,130,800,0.185,0.065,0.165,0.29,0.12,0.16,0.155,0.265,0.095,0.095
153,140,800,0.175,0.08,0.12,0.115,0.135,0.185,0.095,0.14,0.15,0.185
154,150,800,0.115,0.1,0.19,0.125,0.18,0.2,0.155,0.12,0.1,0.21
155,160,800,0.115,0.115,0.135,0.12,0.105,0.135,0.17,0.18,0.21,0.125
156,170,800,0.1,0.145,0.155,0.12,0.145,0.115,0.18,0.065,0.115,0.125
157,180,800,0.14,0.125,0.105,0.1,0.2,0.15,0.22,0.09,0.075,0.105
158,190,800,0.145,0.115,0.125,0.12,0.19,0.08,0.115,0.105,0.155,0.185
159,200,800,0.13,0.205,0.115,0.115,0.07,0.165,0.12,0.12,0.13,0.105
160,10,900,0.3511111111111111,0.4311111111111111,0.4666666666666667,0.4,0.3288888888888889,0.3688888888888889,0.28444444444444444,0.4222222222222222,0.4266666666666667,0.37777777777777777
161,20,900,0.4266666666666667,0.36,0.18666666666666668,0.40444444444444444,0.17777777777777778,0.2222222222222222,0.29777777777777775,0.23555555555555555,0.39555555555555555,0.3111111111111111
162,30,900,0.2311111111111111,0.38666666666666666,0.3244444444444444,0.1688888888888889,0.2,0.24444444444444444,0.29333333333333333,0.32,0.28444444444444444,0.28888888888888886
163,40,900,0.2,0.18666666666666668,0.21333333333333335,0.3022222222222222,0.3288888888888889,0.17777777777777778,0.21777777777777776,0.25333333333333335,0.28444444444444444,0.39111111111111113
164,50,900,0.24444444444444444,0.21777777777777776,0.37333333333333335,0.12444444444444444,0.26666666666666666,0.17777777777777778,0.23555555555555555,0.2577777777777778,0.12,0.1688888888888889
165,60,900,0.27111111111111114,0.2311111111111111,0.19111111111111112,0.25333333333333335,0.14666666666666667,0.27111111111111114,0.2088888888888889,0.1288888888888889,0.12,0.21777777777777776
166,70,900,0.28,0.21777777777777776,0.3244444444444444,0.27555555555555555,0.20444444444444446,0.18222222222222223,0.29333333333333333,0.13333333333333333,0.3111111111111111,0.18222222222222223
167,80,900,0.12,0.25333333333333335,0.21333333333333335,0.2222222222222222,0.1111111111111111,0.13333333333333333,0.20444444444444446,0.08,0.36,0.1288888888888889
168,90,900,0.12,0.2088888888888889,0.27111111111111114,0.18222222222222223,0.15555555555555556,0.09333333333333334,0.1511111111111111,0.27555555555555555,0.27111111111111114,0.27555555555555555
169,100,900,0.16,0.20444444444444446,0.19111111111111112,0.12,0.27111111111111114,0.12,0.1688888888888889,0.25333333333333335,0.16444444444444445,0.14666666666666667
170,110,900,0.12,0.19555555555555557,0.18222222222222223,0.13333333333333333,0.1511111111111111,0.12444444444444444,0.1511111111111111,0.20444444444444446,0.1111111111111111,0.24
171,120,900,0.1688888888888889,0.14666666666666667,0.17333333333333334,0.27111111111111114,0.16444444444444445,0.18666666666666668,0.1288888888888889,0.11555555555555555,0.16,0.13333333333333333
172,130,900,0.3244444444444444,0.2,0.1111111111111111,0.14666666666666667,0.1288888888888889,0.17777777777777778,0.1688888888888889,0.10222222222222223,0.13333333333333333,0.17333333333333334
173,140,900,0.08888888888888889,0.1288888888888889,0.13777777777777778,0.10666666666666667,0.1111111111111111,0.09777777777777778,0.1688888888888889,0.12444444444444444,0.16444444444444445,0.16444444444444445
174,150,900,0.24444444444444444,0.13777777777777778,0.19555555555555557,0.17333333333333334,0.14222222222222222,0.1111111111111111,0.09777777777777778,0.10222222222222223,0.2,0.15555555555555556
175,160,900,0.10666666666666667,0.10666666666666667,0.1288888888888889,0.1111111111111111,0.1511111111111111,0.23555555555555555,0.14666666666666667,0.16444444444444445,0.12444444444444444,0.17333333333333334
176,170,900,0.14222222222222222,0.11555555555555555,0.1288888888888889,0.09333333333333334,0.16,0.18222222222222223,0.11555555555555555,0.14222222222222222,0.08888888888888889,0.08888888888888889
177,180,900,0.15555555555555556,0.14222222222222222,0.10666666666666667,0.08888888888888889,0.10222222222222223,0.1511111111111111,0.1111111111111111,0.09777777777777778,0.09333333333333334,0.09333333333333334
178,190,900,0.10666666666666667,0.12444444444444444,0.12444444444444444,0.08444444444444445,0.10666666666666667,0.19111111111111112,0.18222222222222223,0.12,0.09777777777777778,0.17333333333333334
179,200,900,0.19111111111111112,0.08888888888888889,0.1111111111111111,0.10666666666666667,0.14222222222222222,0.08888888888888889,0.09777777777777778,0.10666666666666667,0.12444444444444444,0.09333333333333334
180,10,1000,0.384,0.456,0.5,0.272,0.364,0.376,0.392,0.44,0.424,0.38
181,20,1000,0.396,0.352,0.352,0.412,0.392,0.332,0.364,0.42,0.304,0.22
182,30,1000,0.324,0.344,0.344,0.348,0.364,0.356,0.24,0.332,0.148,0.36
183,40,1000,0.172,0.308,0.264,0.252,0.264,0.164,0.12,0.208,0.168,0.152
184,50,1000,0.26,0.212,0.276,0.224,0.284,0.296,0.216,0.152,0.376,0.284
185,60,1000,0.148,0.216,0.18,0.18,0.34,0.332,0.124,0.136,0.24,0.408
186,70,1000,0.248,0.22,0.268,0.26,0.16,0.2,0.148,0.292,0.268,0.296
187,80,1000,0.136,0.128,0.14,0.208,0.144,0.112,0.212,0.128,0.172,0.208
188,90,1000,0.156,0.148,0.132,0.224,0.284,0.14,0.144,0.144,0.272,0.26
189,100,1000,0.12,0.204,0.192,0.264,0.12,0.2,0.212,0.152,0.172,0.28
190,110,1000,0.236,0.168,0.128,0.108,0.148,0.136,0.124,0.148,0.104,0.136
191,120,1000,0.124,0.148,0.14,0.168,0.176,0.224,0.092,0.1,0.128,0.124
192,130,1000,0.18,0.124,0.196,0.152,0.112,0.144,0.104,0.1,0.232,0.12
193,140,1000,0.188,0.224,0.144,0.172,0.128,0.108,0.172,0.076,0.192,0.096
194,150,1000,0.112,0.104,0.164,0.116,0.08,0.116,0.152,0.196,0.096,0.084
195,160,1000,0.1,0.12,0.076,0.12,0.136,0.08,0.112,0.1,0.168,0.136
196,170,1000,0.172,0.14,0.104,0.132,0.056,0.124,0.192,0.176,0.128,0.132
197,180,1000,0.1,0.152,0.096,0.22,0.144,0.124,0.108,0.068,0.1,0.092
198,190,1000,0.104,0.104,0.088,0.16,0.132,0.132,0.124,0.12,0.2,0.06
199,200,1000,0.104,0.104,0.188,0.128,0.192,0.12,0.184,0.144,0.112,0.116
200,10,1500,0.352,0.264,0.264,0.38666666666666666,0.2826666666666667,0.3893333333333333,0.35733333333333334,0.504,0.31733333333333336,0.39466666666666667
201,20,1500,0.30133333333333334,0.4053333333333333,0.288,0.33866666666666667,0.216,0.17333333333333334,0.45866666666666667,0.30666666666666664,0.3973333333333333,0.3626666666666667
202,30,1500,0.4106666666666667,0.2906666666666667,0.19466666666666665,0.312,0.34933333333333333,0.21866666666666668,0.344,0.36,0.336,0.31466666666666665
203,40,1500,0.20266666666666666,0.13333333333333333,0.2,0.2773333333333333,0.328,0.15466666666666667,0.304,0.18666666666666668,0.2693333333333333,0.25866666666666666
204,50,1500,0.256,0.17866666666666667,0.2773333333333333,0.216,0.32266666666666666,0.21333333333333335,0.288,0.256,0.27466666666666667,0.176
205,60,1500,0.17866666666666667,0.112,0.20533333333333334,0.26666666666666666,0.13866666666666666,0.09866666666666667,0.11466666666666667,0.2853333333333333,0.14933333333333335,0.3253333333333333
206,70,1500,0.112,0.2613333333333333,0.176,0.13333333333333333,0.20533333333333334,0.13866666666666666,0.16266666666666665,0.3546666666666667,0.20266666666666666,0.09333333333333334
207,80,1500,0.22133333333333333,0.14133333333333334,0.224,0.12266666666666666,0.192,0.18933333333333333,0.15733333333333333,0.25866666666666666,0.22666666666666666,0.14933333333333335
208,90,1500,0.12266666666666666,0.18933333333333333,0.128,0.29333333333333333,0.09333333333333334,0.19466666666666665,0.21866666666666668,0.23466666666666666,0.112,0.22933333333333333
209,100,1500,0.25866666666666666,0.16533333333333333,0.11466666666666667,0.13066666666666665,0.15733333333333333,0.144,0.25066666666666665,0.13333333333333333,0.112,0.14666666666666667
210,110,1500,0.152,0.16,0.12533333333333332,0.13333333333333333,0.232,0.13066666666666665,0.17066666666666666,0.25866666666666666,0.15733333333333333,0.10666666666666667
211,120,1500,0.104,0.176,0.12,0.15733333333333333,0.14666666666666667,0.12533333333333332,0.18666666666666668,0.208,0.15466666666666667,0.12533333333333332
212,130,1500,0.14666666666666667,0.22933333333333333,0.12533333333333332,0.112,0.20266666666666666,0.152,0.06666666666666667,0.18933333333333333,0.17066666666666666,0.14933333333333335
213,140,1500,0.12,0.10133333333333333,0.09066666666666667,0.13333333333333333,0.088,0.16266666666666665,0.17333333333333334,0.152,0.18666666666666668,0.2
214,150,1500,0.17866666666666667,0.15733333333333333,0.096,0.10666666666666667,0.16,0.144,0.10133333333333333,0.15466666666666667,0.17866666666666667,0.15733333333333333
215,160,1500,0.10666666666666667,0.10933333333333334,0.13333333333333333,0.12266666666666666,0.08533333333333333,0.18133333333333335,0.072,0.20266666666666666,0.112,0.12
216,170,1500,0.168,0.09066666666666667,0.09866666666666667,0.16,0.09866666666666667,0.12266666666666666,0.088,0.128,0.088,0.09333333333333334
217,180,1500,0.11733333333333333,0.10933333333333334,0.17066666666666666,0.144,0.15466666666666667,0.12266666666666666,0.112,0.128,0.08,0.10666666666666667
218,190,1500,0.136,0.14133333333333334,0.144,0.12,0.17866666666666667,0.17866666666666667,0.10666666666666667,0.11466666666666667,0.088,0.12533333333333332
219,200,1500,0.128,0.11733333333333333,0.21066666666666667,0.10133333333333333,0.184,0.08,0.12,0.10666666666666667,0.08533333333333333,0.19733333333333333
220,10,2000,0.474,0.348,0.272,0.41,0.342,0.454,0.42,0.358,0.42,0.392
221,20,2000,0.222,0.35,0.344,0.354,0.18,0.336,0.11,0.304,0.328,0.254
222,30,2000,0.224,0.284,0.326,0.174,0.348,0.334,0.33,0.288,0.314,0.276
223,40,2000,0.174,0.324,0.346,0.27,0.288,0.25,0.184,0.27,0.148,0.296
224,50,2000,0.22,0.242,0.336,0.182,0.138,0.156,0.31,0.196,0.124,0.22
225,60,2000,0.15,0.286,0.214,0.22,0.302,0.114,0.19,0.196,0.258,0.142
226,70,2000,0.258,0.124,0.206,0.272,0.27,0.25,0.196,0.162,0.244,0.23
227,80,2000,0.224,0.202,0.208,0.148,0.186,0.158,0.22,0.144,0.124,0.128
228,90,2000,0.168,0.198,0.242,0.132,0.26,0.12,0.218,0.206,0.184,0.206
229,100,2000,0.168,0.136,0.128,0.174,0.216,0.136,0.096,0.13,0.164,0.144
230,110,2000,0.098,0.182,0.128,0.234,0.242,0.204,0.106,0.13,0.17,0.144
231,120,2000,0.152,0.134,0.128,0.11,0.116,0.142,0.196,0.228,0.134,0.182
232,130,2000,0.234,0.17,0.144,0.148,0.092,0.23,0.088,0.074,0.118,0.166
233,140,2000,0.148,0.25,0.1,0.126,0.084,0.096,0.11,0.082,0.094,0.148
234,150,2000,0.128,0.114,0.1,0.134,0.104,0.218,0.146,0.122,0.132,0.122
235,160,2000,0.108,0.12,0.142,0.084,0.144,0.096,0.134,0.172,0.122,0.176
236,170,2000,0.128,0.176,0.094,0.128,0.166,0.102,0.112,0.15,0.08,0.092
237,180,2000,0.11,0.09,0.176,0.124,0.094,0.092,0.096,0.262,0.098,0.152
238,190,2000,0.108,0.076,0.118,0.096,0.198,0.114,0.132,0.108,0.09,0.112
239,200,2000,0.098,0.144,0.162,0.132,0.086,0.18,0.218,0.104,0.116,0.11
240,10,2500,0.4864,0.4256,0.3296,0.2816,0.3424,0.448,0.288,0.368,0.1472,0.432
241,20,2500,0.2656,0.1808,0.2592,0.3376,0.3264,0.2928,0.3968,0.4,0.4416,0.2736
242,30,2500,0.1936,0.1184,0.1936,0.4176,0.368,0.3952,0.32,0.352,0.2592,0.3456
243,40,2500,0.2832,0.3168,0.2592,0.1056,0.3232,0.1328,0.2864,0.1584,0.2592,0.1568
244,50,2500,0.1664,0.1984,0.2592,0.2496,0.2288,0.1824,0.3216,0.1968,0.3008,0.1536
245,60,2500,0.2864,0.1968,0.2288,0.2304,0.1744,0.2224,0.312,0.296,0.1568,0.0896
246,70,2500,0.1648,0.1056,0.2048,0.2256,0.2688,0.2896,0.2304,0.264,0.1936,0.192
247,80,2500,0.1168,0.1376,0.2128,0.216,0.1072,0.1952,0.2624,0.2864,0.2256,0.2528
248,90,2500,0.1632,0.0944,0.1456,0.128,0.1296,0.2112,0.2496,0.2032,0.1632,0.1344
249,100,2500,0.2224,0.1776,0.144,0.1152,0.2496,0.1584,0.136,0.1552,0.2624,0.1552
250,110,2500,0.1552,0.1648,0.1568,0.1264,0.1232,0.224,0.136,0.1408,0.1008,0.1392
251,120,2500,0.2576,0.0992,0.1616,0.1952,0.1552,0.0992,0.1888,0.1824,0.24,0.3488
252,130,2500,0.1328,0.1456,0.2272,0.1232,0.208,0.1872,0.1168,0.1264,0.1152,0.1136
253,140,2500,0.1616,0.0928,0.0992,0.12,0.168,0.1216,0.1344,0.1088,0.1648,0.1072
254,150,2500,0.2048,0.0976,0.128,0.1616,0.128,0.1104,0.128,0.1456,0.1312,0.1488
255,160,2500,0.0944,0.2448,0.1888,0.1056,0.1232,0.1744,0.1968,0.1264,0.1456,0.104
256,170,2500,0.1216,0.0976,0.1648,0.12,0.16,0.1776,0.0752,0.1776,0.0928,0.1008
257,180,2500,0.1536,0.1056,0.0864,0.1728,0.144,0.1408,0.0832,0.1264,0.2432,0.1888
258,190,2500,0.1152,0.1088,0.12,0.096,0.1872,0.1584,0.1776,0.136,0.2064,0.0896
259,200,2500,0.1056,0.1216,0.1312,0.104,0.0992,0.08,0.0944,0.1376,0.1264,0.1488
260,10,3000,0.36533333333333334,0.4026666666666667,0.3586666666666667,0.4493333333333333,0.42933333333333334,0.3466666666666667,0.38133333333333336,0.30533333333333335,0.428,0.42933333333333334
261,20,3000,0.3293333333333333,0.25733333333333336,0.38133333333333336,0.332,0.332,0.36533333333333334,0.196,0.332,0.36133333333333334,0.20533333333333334
262,30,3000,0.33466666666666667,0.25066666666666665,0.31066666666666665,0.32666666666666666,0.21466666666666667,0.32666666666666666,0.29733333333333334,0.21333333333333335,0.35733333333333334,0.312
263,40,3000,0.32133333333333336,0.23866666666666667,0.31733333333333336,0.16133333333333333,0.268,0.29733333333333334,0.30666666666666664,0.204,0.26666666666666666,0.19066666666666668
264,50,3000,0.31466666666666665,0.24533333333333332,0.172,0.196,0.19333333333333333,0.23066666666666666,0.2986666666666667,0.21866666666666668,0.32666666666666666,0.27466666666666667
265,60,3000,0.24933333333333332,0.2773333333333333,0.2786666666666667,0.308,0.24933333333333332,0.13333333333333333,0.31466666666666665,0.16,0.15333333333333332,0.11866666666666667
266,70,3000,0.24133333333333334,0.18,0.24,0.2866666666666667,0.284,0.16133333333333333,0.22533333333333333,0.188,0.17733333333333334,0.164
267,80,3000,0.19733333333333333,0.21733333333333332,0.2733333333333333,0.15466666666666667,0.21066666666666667,0.19466666666666665,0.15333333333333332,0.16266666666666665,0.31066666666666665,0.13333333333333333
268,90,3000,0.136,0.2613333333333333,0.2,0.27466666666666667,0.16133333333333333,0.14,0.18,0.23733333333333334,0.18666666666666668,0.144
269,100,3000,0.144,0.25866666666666666,0.244,0.11866666666666667,0.212,0.20533333333333334,0.21066666666666667,0.18,0.20133333333333334,0.15466666666666667
270,110,3000,0.15333333333333332,0.16666666666666666,0.18933333333333333,0.11333333333333333,0.272,0.144,0.06933333333333333,0.10933333333333334,0.128,0.13733333333333334
271,120,3000,0.15866666666666668,0.2813333333333333,0.136,0.228,0.2653333333333333,0.10933333333333334,0.104,0.18533333333333332,0.14666666666666667,0.11066666666666666
272,130,3000,0.11733333333333333,0.14666666666666667,0.12533333333333332,0.168,0.10933333333333334,0.11866666666666667,0.184,0.14533333333333334,0.18266666666666667,0.11466666666666667
273,140,3000,0.17466666666666666,0.15066666666666667,0.12666666666666668,0.15333333333333332,0.152,0.14266666666666666,0.204,0.088,0.13333333333333333,0.20533333333333334
274,150,3000,0.1,0.132,0.10666666666666667,0.12133333333333333,0.14,0.108,0.108,0.12666666666666668,0.11333333333333333,0.10933333333333334
275,160,3000,0.11333333333333333,0.10933333333333334,0.18666666666666668,0.09733333333333333,0.19733333333333333,0.15866666666666668,0.14133333333333334,0.11866666666666667,0.10933333333333334,0.108
276,170,3000,0.14666666666666667,0.11866666666666667,0.12533333333333332,0.15866666666666668,0.108,0.11066666666666666,0.16933333333333334,0.108,0.124,0.16266666666666665
277,180,3000,0.12,0.12133333333333333,0.176,0.112,0.128,0.11466666666666667,0.17066666666666666,0.13866666666666666,0.17066666666666666,0.112
278,190,3000,0.16666666666666666,0.128,0.10933333333333334,0.18,0.09466666666666666,0.11333333333333333,0.14533333333333334,0.12666666666666668,0.13866666666666666,0.092
279,200,3000,0.10666666666666667,0.104,0.104,0.09733333333333333,0.13866666666666666,0.15333333333333332,0.09333333333333334,0.136,0.08933333333333333,0.116
280,10,3500,0.4034285714285714,0.46514285714285714,0.26171428571428573,0.4297142857142857,0.48228571428571426,0.312,0.3588571428571429,0.416,0.41942857142857143,0.3942857142857143
281,20,3500,0.19085714285714286,0.4,0.376,0.344,0.3291428571428571,0.3462857142857143,0.424,0.26057142857142856,0.4,0.3737142857142857
282,30,3500,0.34285714285714286,0.37142857142857144,0.3554285714285714,0.27314285714285713,0.248,0.29028571428571426,0.16685714285714287,0.3668571428571429,0.37142857142857144,0.37142857142857144
283,40,3500,0.2422857142857143,0.14971428571428572,0.256,0.40685714285714286,0.2571428571428571,0.168,0.26971428571428574,0.26971428571428574,0.17714285714285713,0.20685714285714285
284,50,3500,0.15771428571428572,0.18742857142857142,0.32,0.31542857142857145,0.28114285714285714,0.18857142857142858,0.18285714285714286,0.36,0.3291428571428571,0.13485714285714287
285,60,3500,0.21371428571428572,0.248,0.18514285714285714,0.25142857142857145,0.17257142857142857,0.224,0.2422857142857143,0.21371428571428572,0.17942857142857144,0.31085714285714283
286,70,3500,0.152,0.14742857142857144,0.1737142857142857,0.26971428571428574,0.24114285714285713,0.23885714285714285,0.13942857142857143,0.144,0.2765714285714286,0.14971428571428572
287,80,3500,0.22857142857142856,0.11657142857142858,0.24685714285714286,0.14285714285714285,0.23885714285714285,0.10857142857142857,0.1702857142857143,0.22171428571428572,0.15314285714285714,0.18285714285714286
288,90,3500,0.15542857142857142,0.12685714285714286,0.144,0.22057142857142858,0.19085714285714286,0.21257142857142858,0.2,0.26285714285714284,0.184,0.16228571428571428
289,100,3500,0.16685714285714287,0.13485714285714287,0.21714285714285714,0.23542857142857143,0.16457142857142856,0.2022857142857143,0.22514285714285714,0.16114285714285714,0.26285714285714284,0.22857142857142856
290,110,3500,0.13257142857142856,0.22514285714285714,0.18285714285714286,0.22742857142857142,0.13142857142857142,0.11542857142857142,0.168,0.16,0.21257142857142858,0.23542857142857143
291,120,3500,0.15428571428571428,0.12228571428571429,0.13142857142857142,0.17942857142857144,0.09714285714285714,0.15085714285714286,0.12342857142857143,0.224,0.17485714285714285,0.16
292,130,3500,0.17142857142857143,0.192,0.22628571428571428,0.18171428571428572,0.19542857142857142,0.15885714285714286,0.09828571428571428,0.1462857142857143,0.22285714285714286,0.16228571428571428
293,140,3500,0.14971428571428572,0.18285714285714286,0.16228571428571428,0.10971428571428571,0.2102857142857143,0.14857142857142858,0.13714285714285715,0.192,0.1337142857142857,0.11085714285714286
294,150,3500,0.10628571428571429,0.128,0.1417142857142857,0.09371428571428571,0.16114285714285714,0.1337142857142857,0.1417142857142857,0.128,0.152,0.11657142857142858
295,160,3500,0.1782857142857143,0.11885714285714286,0.11314285714285714,0.15085714285714286,0.15885714285714286,0.10285714285714286,0.1382857142857143,0.1417142857142857,0.096,0.16685714285714287
296,170,3500,0.18742857142857142,0.10742857142857143,0.08914285714285715,0.184,0.12914285714285714,0.104,0.152,0.13257142857142856,0.1462857142857143,0.13485714285714287
297,180,3500,0.12342857142857143,0.16,0.10971428571428571,0.088,0.096,0.12685714285714286,0.08457142857142858,0.09371428571428571,0.112,0.10171428571428572
298,190,3500,0.14742857142857144,0.09028571428571429,0.128,0.144,0.12571428571428572,0.12571428571428572,0.16342857142857142,0.088,0.2102857142857143,0.1977142857142857
299,200,3500,0.1417142857142857,0.11428571428571428,0.12342857142857143,0.11314285714285714,0.09371428571428571,0.17485714285714285,0.1782857142857143,0.09371428571428571,0.10285714285714286,0.10171428571428572
300,10,4000,0.388,0.226,0.181,0.416,0.341,0.321,0.364,0.433,0.399,0.426
301,20,4000,0.364,0.303,0.408,0.353,0.438,0.412,0.404,0.437,0.367,0.296
302,30,4000,0.323,0.263,0.223,0.328,0.276,0.274,0.299,0.36,0.346,0.257
303,40,4000,0.262,0.179,0.202,0.296,0.308,0.262,0.234,0.22,0.296,0.25
304,50,4000,0.236,0.233,0.182,0.236,0.241,0.29,0.199,0.239,0.223,0.153
305,60,4000,0.224,0.121,0.149,0.211,0.206,0.197,0.195,0.186,0.206,0.278
306,70,4000,0.252,0.198,0.198,0.21,0.162,0.206,0.298,0.212,0.2,0.194
307,80,4000,0.252,0.177,0.206,0.256,0.192,0.122,0.152,0.178,0.14,0.202
308,90,4000,0.228,0.216,0.237,0.13,0.264,0.183,0.231,0.296,0.228,0.139
309,100,4000,0.191,0.228,0.138,0.211,0.196,0.115,0.199,0.178,0.227,0.132
310,110,4000,0.195,0.195,0.1,0.149,0.201,0.146,0.128,0.157,0.244,0.237
311,120,4000,0.154,0.232,0.109,0.139,0.148,0.103,0.114,0.17,0.117,0.169
312,130,4000,0.116,0.23,0.126,0.104,0.151,0.124,0.185,0.192,0.167,0.118
313,140,4000,0.126,0.143,0.159,0.155,0.185,0.119,0.123,0.172,0.112,0.09
314,150,4000,0.156,0.109,0.099,0.147,0.125,0.174,0.108,0.122,0.146,0.114
315,160,4000,0.164,0.228,0.136,0.154,0.121,0.11,0.211,0.115,0.108,0.156
316,170,4000,0.149,0.137,0.165,0.142,0.098,0.134,0.161,0.147,0.108,0.186
317,180,4000,0.168,0.19,0.103,0.097,0.103,0.122,0.104,0.146,0.11,0.111
318,190,4000,0.113,0.158,0.127,0.086,0.146,0.083,0.121,0.134,0.104,0.123
319,200,4000,0.112,0.108,0.091,0.088,0.143,0.087,0.121,0.129,0.123,0.085
320,10,4500,0.38133333333333336,0.4142222222222222,0.4017777777777778,0.49333333333333335,0.39555555555555555,0.3591111111111111,0.3893333333333333,0.27555555555555555,0.48977777777777776,0.4275555555555556
321,20,4500,0.4017777777777778,0.37422222222222223,0.176,0.3457777777777778,0.1751111111111111,0.4026666666666667,0.29777777777777775,0.45866666666666667,0.304,0.3457777777777778
322,30,4500,0.3031111111111111,0.3688888888888889,0.2808888888888889,0.17333333333333334,0.33955555555555555,0.36444444444444446,0.13155555555555556,0.20266666666666666,0.3893333333333333,0.26755555555555555
323,40,4500,0.17155555555555554,0.3217777777777778,0.18488888888888888,0.2808888888888889,0.2657777777777778,0.22844444444444445,0.31022222222222223,0.2657777777777778,0.1537777777777778,0.27644444444444444
324,50,4500,0.2986666666666667,0.2408888888888889,0.264,0.264,0.17066666666666666,0.14755555555555555,0.16,0.18844444444444444,0.25333333333333335,0.312
325,60,4500,0.20177777777777778,0.3128888888888889,0.18577777777777776,0.28888888888888886,0.168,0.21866666666666668,0.2871111111111111,0.17777777777777778,0.2328888888888889,0.2897777777777778
326,70,4500,0.25333333333333335,0.18933333333333333,0.25333333333333335,0.11466666666666667,0.13422222222222221,0.17777777777777778,0.12177777777777778,0.22311111111111112,0.11377777777777778,0.1751111111111111
327,80,4500,0.2782222222222222,0.29777777777777775,0.1928888888888889,0.20266666666666666,0.20444444444444446,0.2604444444444444,0.15911111111111112,0.21155555555555555,0.23466666666666666,0.13866666666666666
328,90,4500,0.18488888888888888,0.18133333333333335,0.20622222222222222,0.208,0.20355555555555555,0.12177777777777778,0.19555555555555557,0.12088888888888889,0.23377777777777778,0.1991111111111111
329,100,4500,0.12622222222222224,0.20977777777777779,0.16266666666666665,0.13422222222222221,0.22133333333333333,0.21333333333333335,0.17244444444444446,0.11555555555555555,0.19555555555555557,0.16177777777777777
330,110,4500,0.11822222222222223,0.1537777777777778,0.13422222222222221,0.15733333333333333,0.14666666666666667,0.16622222222222222,0.18133333333333335,0.11022222222222222,0.13066666666666665,0.11822222222222223
331,120,4500,0.25155555555555553,0.15911111111111112,0.14844444444444443,0.11911111111111111,0.1608888888888889,0.17066666666666666,0.14577777777777778,0.11911111111111111,0.1928888888888889,0.11466666666666667
332,130,4500,0.12977777777777777,0.128,0.10666666666666667,0.14666666666666667,0.15288888888888888,0.24266666666666667,0.1751111111111111,0.128,0.10311111111111111,0.2248888888888889
333,140,4500,0.14044444444444446,0.17155555555555554,0.15555555555555556,0.11022222222222222,0.128,0.10133333333333333,0.1831111111111111,0.208,0.22755555555555557,0.22844444444444445
334,150,4500,0.112,0.1688888888888889,0.11377777777777778,0.13955555555555554,0.12,0.10666666666666667,0.14666666666666667,0.15022222222222223,0.15466666666666667,0.21955555555555556
335,160,4500,0.12177777777777778,0.19377777777777777,0.104,0.14133333333333334,0.17333333333333334,0.144,0.11466666666666667,0.12177777777777778,0.144,0.16622222222222222
336,170,4500,0.13422222222222221,0.11733333333333333,0.11733333333333333,0.1608888888888889,0.11733333333333333,0.13155555555555556,0.10844444444444444,0.12266666666666666,0.09244444444444444,0.12977777777777777
337,180,4500,0.16177777777777777,0.10311111111111111,0.1111111111111111,0.17155555555555554,0.1831111111111111,0.1511111111111111,0.12266666666666666,0.11733333333333333,0.10933333333333334,0.1351111111111111
338,190,4500,0.11644444444444445,0.11466666666666667,0.19555555555555557,0.12622222222222224,0.13066666666666665,0.16977777777777778,0.2,0.10844444444444444,0.10933333333333334,0.1351111111111111
339,200,4500,0.1671111111111111,0.13244444444444445,0.15288888888888888,0.13866666666666666,0.11022222222222222,0.0951111111111111,0.15911111111111112,0.13866666666666666,0.15022222222222223,0.09422222222222222
340,10,5000,0.38,0.4808,0.28,0.3744,0.3488,0.504,0.168,0.3536,0.4704,0.4288
341,20,5000,0.4024,0.4384,0.1568,0.2904,0.4312,0.44,0.2112,0.408,0.292,0.3696
342,30,5000,0.1848,0.2088,0.3752,0.3424,0.3184,0.2776,0.2272,0.288,0.3512,0.252
343,40,5000,0.3768,0.3256,0.1952,0.3,0.1552,0.2672,0.1624,0.2232,0.1696,0.3232
344,50,5000,0.2936,0.3064,0.304,0.2608,0.1432,0.2888,0.3032,0.2576,0.1984,0.368
345,60,5000,0.1952,0.2272,0.2568,0.332,0.1096,0.2368,0.2888,0.2472,0.2064,0.2192
346,70,5000,0.2208,0.1968,0.1576,0.2528,0.2536,0.224,0.2368,0.1616,0.2384,0.2216
347,80,5000,0.1496,0.16,0.1616,0.1704,0.1864,0.2576,0.2616,0.2656,0.2088,0.1856
348,90,5000,0.1544,0.2704,0.2544,0.1936,0.1448,0.1112,0.1576,0.2104,0.228,0.1336
349,100,5000,0.2064,0.2944,0.124,0.1288,0.124,0.156,0.2408,0.1176,0.1632,0.2048
350,110,5000,0.1696,0.2208,0.1688,0.2032,0.2744,0.1296,0.2616,0.1472,0.1184,0.1584
351,120,5000,0.1816,0.0968,0.1488,0.1216,0.16,0.2304,0.2256,0.1624,0.1552,0.1232
352,130,5000,0.184,0.1528,0.1912,0.1488,0.116,0.1368,0.152,0.216,0.124,0.1152
353,140,5000,0.1528,0.2416,0.108,0.116,0.1008,0.1472,0.112,0.1272,0.2112,0.2072
354,150,5000,0.1384,0.2088,0.1624,0.1568,0.148,0.0992,0.2296,0.1904,0.1912,0.2016
355,160,5000,0.2008,0.1264,0.1696,0.18,0.1584,0.1504,0.1728,0.1328,0.1544,0.136
356,170,5000,0.1696,0.1944,0.1088,0.1048,0.1096,0.1128,0.0968,0.1208,0.1096,0.1544
357,180,5000,0.1544,0.128,0.1856,0.1992,0.16,0.14,0.0792,0.2168,0.1944,0.1232
358,190,5000,0.116,0.0888,0.1624,0.1016,0.1056,0.1176,0.1944,0.0968,0.136,0.1152
359,200,5000,0.1824,0.1072,0.1624,0.1232,0.0944,0.148,0.16,0.1248,0.1976,0.1048
360,10,5500,0.43418181818181817,0.43563636363636365,0.38836363636363636,0.41163636363636363,0.5025454545454545,0.36654545454545456,0.376,0.432,0.43418181818181817,0.4290909090909091
361,20,5500,0.3563636363636364,0.3098181818181818,0.36218181818181816,0.30327272727272725,0.3927272727272727,0.3003636363636364,0.37018181818181817,0.4058181818181818,0.3389090909090909,0.15781818181818183
362,30,5500,0.15636363636363637,0.30618181818181817,0.3018181818181818,0.392,0.3236363636363636,0.17381818181818182,0.3781818181818182,0.20363636363636364,0.32945454545454544,0.1658181818181818
363,40,5500,0.2298181818181818,0.26690909090909093,0.3541818181818182,0.18109090909090908,0.3338181818181818,0.31636363636363635,0.3018181818181818,0.2545454545454545,0.16218181818181818,0.15127272727272728
364,50,5500,0.29745454545454547,0.34036363636363637,0.3498181818181818,0.2610909090909091,0.3003636363636364,0.17018181818181818,0.2858181818181818,0.30836363636363634,0.17454545454545456,0.24945454545454546
365,60,5500,0.2625454545454545,0.18981818181818183,0.26690909090909093,0.23563636363636364,0.13454545454545455,0.14472727272727273,0.10690909090909091,0.26181818181818184,0.16654545454545455,0.34254545454545454
366,70,5500,0.25236363636363635,0.24654545454545454,0.2429090909090909,0.15927272727272726,0.13090909090909092,0.21381818181818182,0.20872727272727273,0.1890909090909091,0.27636363636363637,0.16436363636363635
367,80,5500,0.26327272727272727,0.21309090909090908,0.26036363636363635,0.296,0.18181818181818182,0.16436363636363635,0.26036363636363635,0.15781818181818183,0.12509090909090909,0.13963636363636364
368,90,5500,0.17236363636363636,0.15563636363636363,0.11781818181818182,0.12872727272727272,0.16072727272727272,0.19854545454545455,0.1730909090909091,0.13090909090909092,0.208,0.12727272727272726
369,100,5500,0.1789090909090909,0.16290909090909092,0.16145454545454546,0.17527272727272727,0.24363636363636362,0.17745454545454545,0.12290909090909091,0.192,0.1549090909090909,0.21963636363636363
370,110,5500,0.19345454545454546,0.1389090909090909,0.22254545454545455,0.22036363636363637,0.11854545454545455,0.14254545454545456,0.14763636363636365,0.10109090909090909,0.2676363636363636,0.1789090909090909
371,120,5500,0.15563636363636363,0.144,0.15854545454545454,0.12,0.12581818181818183,0.22836363636363635,0.11345454545454546,0.16727272727272727,0.11563636363636363,0.12290909090909091
372,130,5500,0.15127272727272728,0.10545454545454545,0.14036363636363636,0.16218181818181818,0.18109090909090908,0.1469090909090909,0.13018181818181818,0.12727272727272726,0.13818181818181818,0.23345454545454544
373,140,5500,0.1658181818181818,0.15127272727272728,0.15563636363636363,0.2349090909090909,0.13163636363636363,0.17963636363636365,0.15854545454545454,0.19345454545454546,0.1389090909090909,0.14036363636363636
374,150,5500,0.11272727272727273,0.23854545454545453,0.13236363636363635,0.10618181818181818,0.112,0.15563636363636363,0.10472727272727272,0.2487272727272727,0.1789090909090909,0.14254545454545456
375,160,5500,0.11927272727272727,0.13018181818181818,0.14981818181818182,0.15418181818181817,0.13454545454545455,0.16727272727272727,0.13672727272727273,0.11636363636363636,0.11709090909090909,0.15563636363636363
376,170,5500,0.2421818181818182,0.11709090909090909,0.11636363636363636,0.096,0.13236363636363635,0.10981818181818181,0.136,0.112,0.12509090909090909,0.16872727272727273
377,180,5500,0.09963636363636363,0.1149090909090909,0.12436363636363636,0.09090909090909091,0.13818181818181818,0.184,0.22836363636363635,0.09672727272727273,0.12218181818181818,0.10545454545454545
378,190,5500,0.10181818181818182,0.136,0.10618181818181818,0.10763636363636364,0.11854545454545455,0.12072727272727272,0.11054545454545454,0.09454545454545454,0.09090909090909091,0.112
379,200,5500,0.14254545454545456,0.1389090909090909,0.10254545454545455,0.12872727272727272,0.12509090909090909,0.14981818181818182,0.17381818181818182,0.11709090909090909,0.10109090909090909,0.17527272727272727
380,10,6000,0.32466666666666666,0.37066666666666664,0.3913333333333333,0.39866666666666667,0.456,0.44066666666666665,0.3626666666666667,0.434,0.454,0.394
381,20,6000,0.38866666666666666,0.38133333333333336,0.31133333333333335,0.3893333333333333,0.23933333333333334,0.3473333333333333,0.39866666666666667,0.18133333333333335,0.36133333333333334,0.2786666666666667
382,30,6000,0.32466666666666666,0.21933333333333332,0.33,0.3466666666666667,0.20733333333333334,0.35933333333333334,0.3586666666666667,0.18733333333333332,0.172,0.28933333333333333
383,40,6000,0.27466666666666667,0.30466666666666664,0.2986666666666667,0.2693333333333333,0.15466666666666667,0.24933333333333332,0.358,0.3406666666666667,0.3273333333333333,0.21933333333333332
384,50,6000,0.298,0.20266666666666666,0.212,0.31333333333333335,0.13466666666666666,0.18733333333333332,0.2673333333333333,0.2826666666666667,0.198,0.262
385,60,6000,0.136,0.3006666666666667,0.16733333333333333,0.158,0.3313333333333333,0.17533333333333334,0.24,0.266,0.21333333333333335,0.332
386,70,6000,0.28933333333333333,0.16466666666666666,0.2773333333333333,0.14266666666666666,0.19333333333333333,0.14266666666666666,0.186,0.148,0.18333333333333332,0.142
387,80,6000,0.22,0.2906666666666667,0.22466666666666665,0.13533333333333333,0.21333333333333335,0.16133333333333333,0.14866666666666667,0.204,0.14133333333333334,0.254
388,90,6000,0.12666666666666668,0.15866666666666668,0.18866666666666668,0.15066666666666667,0.15266666666666667,0.114,0.18066666666666667,0.13,0.14533333333333334,0.26866666666666666
389,100,6000,0.22666666666666666,0.166,0.18533333333333332,0.14333333333333334,0.11733333333333333,0.27066666666666667,0.18133333333333335,0.19266666666666668,0.11733333333333333,0.162
390,110,6000,0.216,0.12333333333333334,0.252,0.14733333333333334,0.16666666666666666,0.15,0.12066666666666667,0.13,0.22733333333333333,0.13533333333333333
391,120,6000,0.13066666666666665,0.146,0.17533333333333334,0.23,0.21733333333333332,0.146,0.144,0.25466666666666665,0.13666666666666666,0.12266666666666666
392,130,6000,0.138,0.22866666666666666,0.202,0.20733333333333334,0.126,0.12866666666666668,0.12933333333333333,0.18533333333333332,0.09333333333333334,0.09666666666666666
393,140,6000,0.14933333333333335,0.20933333333333334,0.10733333333333334,0.13333333333333333,0.10533333333333333,0.22933333333333333,0.22266666666666668,0.14,0.12133333333333333,0.19733333333333333
394,150,6000,0.10933333333333334,0.13,0.09466666666666666,0.18466666666666667,0.222,0.15666666666666668,0.13666666666666666,0.13933333333333334,0.106,0.128
395,160,6000,0.19466666666666665,0.12533333333333332,0.12466666666666666,0.14733333333333334,0.11733333333333333,0.124,0.142,0.10066666666666667,0.14133333333333334,0.11
396,170,6000,0.16133333333333333,0.104,0.09933333333333333,0.12666666666666668,0.09266666666666666,0.112,0.13666666666666666,0.132,0.112,0.132
397,180,6000,0.1,0.16466666666666666,0.15266666666666667,0.18933333333333333,0.112,0.13333333333333333,0.14533333333333334,0.12333333333333334,0.086,0.11066666666666666
398,190,6000,0.178,0.09933333333333333,0.09133333333333334,0.11066666666666666,0.13933333333333334,0.09666666666666666,0.08866666666666667,0.16733333333333333,0.146,0.1
399,200,6000,0.09733333333333333,0.116,0.112,0.128,0.16933333333333334,0.10666666666666667,0.13933333333333334,0.11266666666666666,0.09733333333333333,0.114
